STAT	p
-33.2718765361752	1
-2.50830961379759	0.75
3.75229222129719	0
-3.6281538792694	0.86
-3.30684236466586	0.84
