maintrID	chrom	idxSNP	idxBP	idxP	idx2BP	idx2P	start	end	sectrID	sectrsubID	minP2	maintr	sectr	refld	mainld	secld	perm
MS	1	rs35967351	160711804	4.79e-08	160711804	4.79e-08	160698276	160811804	LCL	CD244_ENSG00000122223.8	1.228e-14	examples/MS/MS.1.160697074.160933065.txt	examples/LCL/locus.1.160697074.160933065/LCL.CD244_ENSG00000122223.8.assoc.linear.gz	examples/ld0//locus.1.160697074.160933065.txt.gz	.	examples/LCL/locus.1.160697074.160933065/LCL.ped.gz	examples/LCL/locus.1.160697074.160933065/LCL.CD244_ENSG00000122223.8.mperm.dump.all.gz
MS	1	rs35967351	160711804	4.79e-08	160711804	4.79e-08	160698276	160811804	LCL	CD48_ENSG00000117091.5	0.006668	examples/MS/MS.1.160697074.160933065.txt	examples/LCL/locus.1.160697074.160933065/LCL.CD48_ENSG00000117091.5.assoc.linear.gz	examples/ld0//locus.1.160697074.160933065.txt.gz	.	examples/LCL/locus.1.160697074.160933065/LCL.ped.gz	examples/LCL/locus.1.160697074.160933065/LCL.CD48_ENSG00000117091.5.mperm.dump.all.gz
MS	1	rs35967351	160711804	4.79e-08	160711804	4.79e-08	160698276	160811804	LCL	SLAMF7_ENSG00000026751.11	5.415e-08	examples/MS/MS.1.160697074.160933065.txt	examples/LCL/locus.1.160697074.160933065/LCL.SLAMF7_ENSG00000026751.11.assoc.linear.gz	examples/ld0//locus.1.160697074.160933065.txt.gz	.	examples/LCL/locus.1.160697074.160933065/LCL.ped.gz	examples/LCL/locus.1.160697074.160933065/LCL.SLAMF7_ENSG00000026751.11.mperm.dump.all.gz
MS	12	rs10783847	58196447	3.005e-16	58196447	3.005e-16	58096447	58296447	LCL	INHBC_ENSG00000175189.2	0.005439	examples/MS/MS.12.57626582.58488667.txt	examples/LCL/locus.12.57626582.58488667/LCL.INHBC_ENSG00000175189.2.assoc.linear.gz	examples/ld0//locus.12.57626582.58488667.txt.gz	.	examples/LCL/locus.12.57626582.58488667/LCL.ped.gz	examples/LCL/locus.12.57626582.58488667/LCL.INHBC_ENSG00000175189.2.mperm.dump.all.gz
MS	12	rs10783847	58196447	3.005e-16	58196447	3.005e-16	58096447	58296447	LCL	TAC3_ENSG00000166863.7	0.009861	examples/MS/MS.12.57626582.58488667.txt	examples/LCL/locus.12.57626582.58488667/LCL.TAC3_ENSG00000166863.7.assoc.linear.gz	examples/ld0//locus.12.57626582.58488667.txt.gz	.	examples/LCL/locus.12.57626582.58488667/LCL.ped.gz	examples/LCL/locus.12.57626582.58488667/LCL.TAC3_ENSG00000166863.7.mperm.dump.all.gz
